<OBJECT><PROPERTY NAME="__type" VALUE=".com.infoblox.dns.zone"/><PROPERTY NAME="__sequenceid" VALUE="17068"/><PROPERTY NAME="is_external_primary" VALUE="false"/><PROPERTY NAME="zone_type" VALUE="ResponsePolicy"/><PROPERTY NAME="disabled" VALUE="false"/><PROPERTY NAME="is_reverse_zone" VALUE="0"/><PROPERTY NAME="primary_type" VALUE="External"/><PROPERTY NAME="override_record_name_policy" VALUE="false"/><PROPERTY NAME="enable_rfc2317_exclusion" VALUE="false"/><PROPERTY NAME="locked" VALUE="false"/><PROPERTY NAME="dnssec_enabled" VALUE="false"/><PROPERTY NAME="rpz_last_updated_time" VALUE="1616916475"/><PROPERTY NAME="rpz_priority" VALUE="6"/><PROPERTY NAME="is_multimaster" VALUE="false"/><PROPERTY NAME="dns_integrity_check_enabled" VALUE="false"/><PROPERTY NAME="ms_sync_disabled" VALUE="false"/><PROPERTY NAME="use_rpz_drop_ip_rule" VALUE="false"/><PROPERTY NAME="rpz_drop_ip_rule_enabled" VALUE="false"/><PROPERTY NAME="rpz_drop_ip_rule_min_prefix_length_ipv4" VALUE="29"/><PROPERTY NAME="rpz_drop_ip_rule_min_prefix_length_ipv6" VALUE="112"/><PROPERTY NAME="enable_fixed_rrset_order" VALUE="false"/><PROPERTY NAME="disable_ns_generation" VALUE="false"/><PROPERTY NAME="enable_rpz_recursive_only" VALUE="none"/><PROPERTY NAME="use_rpz_logging" VALUE="false"/><PROPERTY NAME="rpz_logging" VALUE="true"/><PROPERTY NAME="zone" VALUE="._default"/><PROPERTY NAME="name" VALUE="local.infoblox.rpz.antimalware"/><PROPERTY NAME="assigned_ns_group" VALUE="rpz-feeds"/><PROPERTY NAME="fqdn" VALUE="antimalware.rpz.infoblox.local"/><PROPERTY NAME="display_name" VALUE="local.infoblox.rpz.antimalware"/></OBJECT>
